名称,代码,类型,数值,持续时间
r◎,rotation==1,被动（速度）,60,始终
r○,rotation==1,被动（速度）,40,始终
r×,rotation==1,被动（速度）,-40,始终
逆r◎,rotation==2,被动（速度）,60,始终
逆r○,rotation==2,被动（速度）,40,始终
逆r×,rotation==2,被动（速度）,-40,始终
|京觥,track_id==10006,被动（耐力）,60,始终
|京觥,track_id==10006,被动（耐力）,40,始终
|京觥,track_id==10006,被动（耐力）,-40,始终
中山觥,track_id==10005,被动（耐力）,60,始终
中山觥,track_id==10005,被动（耐力）,40,始终
中山觥,track_id==10005,被动（耐力）,-40,始终
阪神觥,track_id==10009,被动（耐力）,60,始终
阪神觥,track_id==10009,被动（耐力）,40,始终
阪神觥,track_id==10009,被动（耐力）,-40,始终
京都觥,track_id==10008,被动（耐力）,60,始终
京都觥,track_id==10008,被动（耐力）,40,始终
京都觥,track_id==10008,被动（耐力）,-40,始终
中京觥,track_id==10007,被动（耐力）,60,始终
中京觥,track_id==10007,被动（耐力）,40,始终
中京觥,track_id==10007,被动（耐力）,-40,始终
札幌觥,track_id==10001,被动（耐力）,60,始终
札幌觥,track_id==10001,被动（耐力）,40,始终
札幌觥,track_id==10001,被动（耐力）,-40,始终
函^觥,track_id==10002,被动（耐力）,60,始终
函^觥,track_id==10002,被动（耐力）,40,始终
函^觥,track_id==10002,被动（耐力）,-40,始终
福u觥,track_id==10004,被动（耐力）,60,始终
福u觥,track_id==10004,被动（耐力）,40,始终
福u觥,track_id==10004,被动（耐力）,-40,始终
新觥,track_id==10003,被动（耐力）,60,始终
新觥,track_id==10003,被动（耐力）,40,始终
新觥,track_id==10003,被动（耐力）,-40,始终
小}觥,track_id==10010,被动（耐力）,60,始终
小}觥,track_id==10010,被动（耐力）,40,始终
小}觥,track_id==10010,被动（耐力）,-40,始终
主要距x◎,is_basis_distance==1,被动（耐力）,60,始终
主要距x○,is_basis_distance==1,被动（耐力）,40,始终
主要距x×,is_basis_distance==1,被动（耐力）,-40,始终
非主要距x◎,is_basis_distance==0,被动（耐力）,60,始终
非主要距x○,is_basis_distance==0,被动（耐力）,40,始终
非主要距x×,is_basis_distance==0,被动（耐力）,-40,始终
良好龅亍,ground_condition==1,被动（力量）,60,始终
良好龅亍,ground_condition==1,被动（力量）,40,始终
良好龅亍,ground_condition==1,被动（力量）,-40,始终
路r差拧,ground_condition==2 @ground_condition==3 @ground_condition==4,被动（力量）,60,始终
路r差拧,ground_condition==2 @ground_condition==3 @ground_condition==4,被动（力量）,40,始终
路r差拧,ground_condition==2 @ground_condition==3 @ground_condition==4,被动（力量）,-40,始终
春R娘◎,season==1 @season==5,被动（速度）,60,始终
春R娘○,season==1 @season==5,被动（速度）,40,始终
春R娘×,season==1 @season==5,被动（速度）,-40,始终
夏R娘◎,season==2,被动（速度）,60,始终
夏R娘○,season==2,被动（速度）,40,始终
夏R娘×,season==2,被动（速度）,-40,始终
秋R娘◎,season==3,被动（速度）,60,始终
秋R娘○,season==3,被动（速度）,40,始终
秋R娘×,season==3,被动（速度）,-40,始终
冬R娘◎,season==4,被动（速度）,60,始终
冬R娘○,season==4,被动（速度）,40,始终
冬R娘×,season==4,被动（速度）,-40,始终
晴天◎,weather==1,被动（毅力）,60,始终
晴天○,weather==1,被动（毅力）,40,始终
天◎,weather==2,被动（毅力）,60,始终
天○,weather==2,被动（毅力）,40,始终
下雨天◎,weather==3,被动（毅力）,60,始终
下雨天○,weather==3,被动（毅力）,40,始终
下雨天×,weather==3,被动（毅力）,-40,始终
下雪天◎,weather==4,被动（毅力）,60,始终
下雪天○,weather==4,被动（毅力）,40,始终
擅L乳l位◎,post_number<=3,被动（智力）,60,始终
擅L乳l位○,post_number<=3,被动（智力）,40,始终
不擅L乳l位,post_number<=3,被动（智力）,-40,始终
擅L外乳l位◎,post_number>=6,被动（速度）,60,始终
擅L外乳l位○,post_number>=6,被动（速度）,40,始终
不擅L外乳l位,post_number>=6,被动（速度）,-40,始终
喜g◎,running_style_count_same<=1,被动（速度）,80,始终
喜g○,running_style_count_same<=1,被动（速度）,60,始终
抗意R◎,running_style_count_same_rate>=40,被动（力量）,60,始终
抗意R○,running_style_count_same_rate>=40,被动（力量）,40,始终
认虮Ｊ,running_style_count_same_rate>=40,被动（力量）,-40,始终
氐祖i定◎,running_style_equal_popularity_one==1,被动（毅力）,60,始终
氐祖i定○,running_style_equal_popularity_one==1,被动（毅力）,40,始终
伏兵◎,popularity>=4,被动（速度）,60,始终
伏兵○,popularity>=4,被动（速度）,40,始终
不擅LGⅠ,grade==100,被动（速度）,-40,始终
小,popularity==1,被动（耐力）,-40,始终
弧的教授,all_corner_random==1,速度,0.35,2.4
道`巧○,all_corner_random==1,速度,0.15,2.4
道`巧×,all_corner_random==1,速度,-0.2,2.4
曲的侍酒,all_corner_random==1,加速度,0.4,3
道加速○,all_corner_random==1,加速度,0.2,3
道加速×,all_corner_random==1,加速度,-0.2,3
A弧的g家,corner_random==1 @corner_random==2 @corner_random==3 @corner_random==4,耐力恢复,0.055,瞬时
道回汀,corner_random==1 @corner_random==2 @corner_random==3 @corner_random==4,耐力恢复,0.015,瞬时
道回汀,corner_random==1 @corner_random==2 @corner_random==3 @corner_random==4,耐力恢复,-0.02,瞬时
疾L一文字,straight_random==1,速度,0.35,3
直`巧,straight_random==1,速度,0.15,3
快如L,straight_random==1,加速度、速度,0.4、0.15,3
直加速,straight_random==1,加速度,0.2,3
好D歇息,phase==1 &corner==0,耐力恢复,0.055,瞬时
直回,phase==1 &corner==0,耐力恢复,0.015,瞬时
不擅L上坡,up_slope_random==1,耐力恢复,-0.02,瞬时
成群,accumulatetime>=2 &is_surrounded==1,耐力恢复,-0.02,瞬时
T放,last_straight_random==1 &distance_diff_rate>=75,速度,-0.2,3
T偷,remain_distance==200 &order==1 &bashin_diff_behind>=1,速度,-0.2,3
全神注,always==1,出闸,0.4,瞬时
集中力,always==1,出闸,0.9,瞬时
lT障K,always==1,出闸,1.5,瞬时
F意志,phase<=1 &accumulatetime>=5 &blocked_front_continuetime>=1,耐力恢复、横向速度,0.055、0.035,2
[藏身影,phase<=1 &accumulatetime>=5 &blocked_front_continuetime>=1,耐力恢复、横向速度,0.015、0.015,2
目的舞者,phase_random==0,横向速度,0.045,3
取位天x,phase_random==0,横向速度,0.035,3
追上去！,phase==1 &change_order_onetime<0,速度,0.35,1.8
加速步{,phase==1 &change_order_onetime<0,速度,0.15,1.8
不屈之心,phase==1 &change_order_onetime>0,耐力恢复,0.055,瞬时
S持步{,phase==1 &change_order_onetime>0,耐力恢复,0.015,瞬时
充耳不,phase==1 &is_surrounded==1,耐力恢复,0.055,瞬时
混鹄潇o,phase==1 &is_surrounded==1,耐力恢复,0.015,瞬时
不停D女孩,infront_near_lane_time>=1 &is_lastspurt==1 &hp_per>=1,加速度、横向速度,0.4、0.025,3
避_力竭R娘,infront_near_lane_time>=1 &is_lastspurt==1 &hp_per>=1,加速度、横向速度,0.2、0.005,3
跑道的魔g,phase_random==2,横向速度,0.035,3
RC,phase_random==2,横向速度,0.025,3
全心全力,is_lastspurt==1 &phase_firsthalf_random==3,速度,0.35,2.4
尾段加速,is_lastspurt==1 &phase_firsthalf_random==3,速度,0.15,2.4
空D,accumulatetime>=2 &order==1 &bashin_diff_behind>=1,耐力恢复,-0.02,瞬时
先l必,running_style==1 &phase==0,加速度,0.4,1.2
先h,running_style==1 &phase==0,加速度,0.2,1.2
逃g,running_style==1 &phase_random==1 &order_rate<=50,速度,0.35,3
疾行,running_style==1 &phase_random==1 &order_rate<=50,速度,0.15,3
逃亡者,running_style==1 &is_finalcorner_random==1 &order==1,加速度,0.4,3
行n,running_style==1 &is_finalcorner_random==1 &order==1,加速度,0.2,3
bb有N,running_style==2 &phase_laterhalf_random==0 &order_rate<=50,耐力恢复,0.055,瞬时
S持持久力,running_style==2 &phase_laterhalf_random==0 &order_rate<=50,耐力恢复,0.015,瞬时
鲆,running_style==2 &phase_random==1 &order_rate<=50,耐力恢复,0.055,瞬时
好位追s,running_style==2 &phase_random==1 &order_rate<=50,耐力恢复,0.015,瞬时
速度之星,running_style==2 &is_finalcorner_random==1 &order_rate<=50,速度,0.35,1.8
渫,running_style==2 &is_finalcorner_random==1 &order_rate<=50,速度,0.15,1.8
迅速果,running_style==3 &phase_random==1 &order_rate>=40,速度,0.35,2.4
前取位,running_style==3 &phase_random==1 &order_rate>=40,速度,0.15,2.4
熟DQ,running_style==3 &phase_firsthalf_random==2 &order_rate>=40,加速度,0.4,1.8
居中超前姿,running_style==3 &phase_firsthalf_random==2 &order_rate>=40,加速度,0.2,1.8
N,running_style==3 &is_finalcorner==1 &corner!=0 &is_behind_in==1 &change_order_onetime<0,速度,0.35,3
渫瘸前,running_style==3 &is_finalcorner==1 &corner!=0 &is_behind_in==1 &change_order_onetime<0,速度,0.15,3
沉睡的{子,running_style==4 &phase_random==1 &distance_diff_rate>=75,耐力恢复,0.055,瞬时
後方待C,running_style==4 &phase_random==1 &distance_diff_rate>=75,耐力恢复,0.015,瞬时
疾L怒,phase==2 &distance_diff_rate>=50,速度,0.35,3
M攻rC超群,phase==2 &distance_diff_rate>=50,速度,0.15,3
逼近的身影,running_style==4 &is_lastspurt==1 &corner==0,加速度,0.4,0.9
直一口,running_style==4 &is_lastspurt==1 &corner==0,加速度,0.2,0.9
短途u,distance_type==1 &phase_random==2,加速度,0.4,3
短途n位,distance_type==1 &phase_random==2,加速度,0.2,3
o^其,distance_type==1 &phase_random==1 &order_rate>50,耐力恢复、加速度,0.015、0.1,3
艄廨x,distance_type==1 &phase_random==2 &order_rate>50,速度、加速度,0.35、0.1,3
F追不,distance_type==1 &phase_random==2 &order_rate>50,速度、加速度,0.15、0.05,3
一哩支配者,distance_type==2 &phase_laterhalf_random==0 &order_rate<=50,速度,0.35,3
eO,distance_type==2 &phase_laterhalf_random==0 &order_rate<=50,速度,0.15,3
慧眼,distance_type==2 &phase_laterhalf_random==0 &order_rate>50,耐力恢复、妨害（速度）,0.055、-0.2,3
^察情,distance_type==2 &phase_laterhalf_random==0 &order_rate>50,耐力恢复、妨害（速度）,0.015、-0.05,3
拍_力,distance_type==2 &phase_random==2 &order_rate>50,加速度,0.4,3
上N饬,distance_type==2 &phase_random==2 &order_rate>50,加速度,0.2,3
突破者,distance_type==3 &phase_random==1 &order<=3,耐力恢复,0.055,瞬时
前途o量,distance_type==3 &phase_random==1 &order<=3,耐力恢复,0.015,瞬时
致偾{,distance_type==3 &phase_random==1 &order_rate<=50,速度,0.35,2.4
加快奏,distance_type==3 &phase_random==1 &order_rate<=50,速度,0.15,2.4
倮的讨,distance_type==3 &is_finalcorner==1 &overtake_target_time>=2,速度、加速度,0.35、0.1,3
o咬不放,distance_type==3 &is_finalcorner==1 &overtake_target_time>=2,速度、加速度,0.15、0.05,3
冷s,distance_type==4 &phase_random==1,耐力恢复,0.055,瞬时
深呼吸,distance_type==4 &phase_random==1,耐力恢复,0.015,瞬时
仍隗w,distance_type==4 &is_finalcorner==1 &corner!=0 &lane_type==0,速度,0.35,3
者,distance_type==4 &is_finalcorner==1 &corner!=0 &lane_type==0,速度,0.15,3
I上腺素爆l,distance_type==4 &hp_per<=30,耐力恢复、速度,0.055、0.35,1.8
第二w力l,distance_type==4 &hp_per<=30,耐力恢复,0.015,瞬时
\略（前）,phase==1 &order_rate<=50 &temptation_opponent_count_behind>=1,妨害（耐力恢复）,-0.01,瞬时
\略（後）,phase==1 &order_rate>50 &temptation_opponent_count_infront>=1,妨害（耐力恢复）,-0.01,瞬时
I^策略,running_style_temptation_opponent_count_nige>=1 &is_temptation==0,心态,5,瞬时
η傲胁呗,running_style_temptation_opponent_count_senko>=1 &is_temptation==0,心态,5,瞬时
居中策略,running_style_temptation_opponent_count_sashi>=1 &is_temptation==0,心态,5,瞬时
後追策略,running_style_temptation_opponent_count_oikomi>=1 &is_temptation==0,心态,5,瞬时
恐祁I^,running_style_count_nige_otherself>=1 &phase_random==0 &accumulatetime>=5,妨害（耐力恢复）,-0.01,瞬时
使I^焦躁,running_style_count_nige_otherself>=1 &phase_random==1,妨害（耐力恢复）,-0.01,瞬时
使I^t疑,running_style_count_nige_otherself>=1 &phase_random==2,妨害（速度）,-0.15,3
恐魄傲,running_style_count_senko_otherself>=1 &phase_random==0 &accumulatetime>=5,妨害（耐力恢复）,-0.01,瞬时
使前列焦躁,running_style_count_senko_otherself>=1 &phase_random==1,妨害（耐力恢复）,-0.01,瞬时
使前列t疑,running_style_count_senko_otherself>=1 &phase_random==2,妨害（速度）,-0.15,3
恐凭又,running_style_count_sashi_otherself>=1 &phase_random==0 &accumulatetime>=5,妨害（耐力恢复）,-0.01,瞬时
使居中焦躁,running_style_count_sashi_otherself>=1 &phase_random==1,妨害（耐力恢复）,-0.01,瞬时
使居中t疑,running_style_count_sashi_otherself>=1 &phase_random==2,妨害（速度）,-0.15,3
恐漆嶙,running_style_count_oikomi_otherself>=1 &phase_random==0 &accumulatetime>=5,妨害（耐力恢复）,-0.01,瞬时
使後追焦躁,running_style_count_oikomi_otherself>=1 &phase_random==1,妨害（耐力恢复）,-0.01,瞬时
使後追t疑,running_style_count_oikomi_otherself>=1 &phase_random==2,妨害（速度）,-0.15,3
大井觥,track_id==10101,被动（耐力）,60,始终
大井觥,track_id==10101,被动（耐力）,40,始终
大井觥,track_id==10101,被动（耐力）,-40,始终
短距x直◎,distance_type==1 &straight_random==1,速度,0.25,3
短距x直○,distance_type==1 &straight_random==1,速度,0.15,3
短距x道◎,distance_type==1 &all_corner_random==1,速度,0.25,3
短距x道○,distance_type==1 &all_corner_random==1,速度,0.15,3
旱剐灶I先,distance_type==1 &phase==1 &bashin_diff_behind>=3 &order==1,速度,0.35,3
大幅I先,distance_type==1 &phase==1 &bashin_diff_behind>=3 &order==1,速度,0.15,3
X,distance_type==1 &phase_laterhalf_random==1 &order>=2 &order_rate<=50,加速度,0.4,3
善後策略,distance_type==1 &phase_laterhalf_random==1 &order>=2 &order_rate<=50,加速度,0.2,3
淙f全！,distance_type==1 &phase_random==1,横向速度、加速度,0.035、0.3,4
溥M攻,distance_type==1 &phase_random==1,横向速度、加速度,0.025、0.2,4
o盯後方,distance_type==1 &phase_random==0 &order_rate<=50 &accumulatetime>=5,妨害（速度）,-0.2,3
逃亡禁令,distance_type==1 &phase_random==0 &order_rate>50 &accumulatetime>=5,妨害（耐力恢复）、妨害（加速度）,-0.03、-0.2,1.2
禁止先,distance_type==1 &phase_random==0 &order_rate>50 &accumulatetime>=5,妨害（耐力恢复）、妨害（加速度）,-0.01、-0.05,1.2
一哩直◎,distance_type==2 &straight_random==1,速度,0.25,3
一哩直○,distance_type==2 &straight_random==1,速度,0.15,3
一哩道◎,distance_type==2 &all_corner_random==1,速度,0.25,3
一哩道○,distance_type==2 &all_corner_random==1,速度,0.15,3
Qn,distance_type==2 &phase_random==1 &order_rate<=50,速度,0.35,2.4
速,distance_type==2 &phase_random==1 &order_rate<=50,速度,0.15,2.4
油T全_！,distance_type==2 &distance_rate>=50 &change_order_onetime<0,加速度,0.4,3
加速度,distance_type==2 &distance_rate>=50 &change_order_onetime<0,加速度,0.2,3
姐姐赓|,distance_type==2 &is_overtake==1 &accumulatetime>=5,速度,0.35,2.4
不服,distance_type==2 &is_overtake==1 &accumulatetime>=5,速度,0.15,2.4
速度食者,distance_type==2 &phase_random==1 &order<=3,妨害（速度）、速度,-0.2、0.25,3
速度吞噬者,distance_type==2 &phase_random==1 &order<=3,妨害（速度）、速度,-0.15、0.15,3
布,distance_type==2 &phase_random==0 &order_rate>50 &accumulatetime>=3,妨害（加速度）,-0.3,3
布局,distance_type==2 &phase_random==0 &order_rate>50 &accumulatetime>=3,妨害（加速度）,-0.1,3
中距x直◎,distance_type==3 &straight_random==1,速度,0.25,3
中距x直○,distance_type==3 &straight_random==1,速度,0.15,3
中距x道◎,distance_type==3 &all_corner_random==1,速度,0.25,3
中距x道○,distance_type==3 &all_corner_random==1,速度,0.15,3
千里眼,distance_type==3 &phase_random==0,视野,15,3
眼,distance_type==3 &phase_random==0,视野,10,3
W光步伐,distance_type==3 &phase_random==1,横向速度、加速度,0.035、0.3,4
W步伐,distance_type==3 &phase_random==1,横向速度、加速度,0.025、0.2,4
神技步伐,distance_type==3 &is_move_lane==1 &accumulatetime>=10 @distance_type==3 &is_move_lane==2 &accumulatetime>=10,耐力恢复,0.055,瞬时
p快步伐,distance_type==3 &is_move_lane==1 &accumulatetime>=10 @distance_type==3 &is_move_lane==2 &accumulatetime>=10,耐力恢复,0.015,瞬时
琢,distance_type==3 &phase_random==2 &order_rate>50,妨害（速度）,-0.25,3
束`,distance_type==3 &phase_random==2 &order_rate>50,妨害（速度）,-0.15,3
魅惑的Z,distance_type==3 &phase==1 &blocked_front_continuetime>=1,妨害（耐力恢复）,-0.03,瞬时
Z,distance_type==3 &phase==1 &blocked_front_continuetime>=1,妨害（耐力恢复）,-0.01,瞬时
L距x直◎,distance_type==4 &straight_random==1,速度,0.25,3
L距x直○,distance_type==4 &straight_random==1,速度,0.15,3
L距x道◎,distance_type==4 &all_corner_random==1,速度,0.25,3
L距x道○,distance_type==4 &all_corner_random==1,速度,0.15,3
前h的心得,distance_type==4 &phase_random==1 &bashin_diff_behind>=1 &order==1,速度,0.35,3
S持I先,distance_type==4 &phase_random==1 &bashin_diff_behind>=1 &order==1,速度,0.15,3
熟超越,distance_type==4 &is_overtake==1 &accumulatetime>=5,耐力恢复,0.015,瞬时
怒的後砭由,distance_type==4 &phase==2 &change_order_onetime<0,速度、加速度,0.35、0.1,3
後砭由,distance_type==4 &phase==2 &change_order_onetime<0,速度、加速度,0.15、0.05,3
持久力食者,distance_type==4 &phase_random==1 &order>=5,妨害（耐力恢复）、耐力恢复,-0.01、0.035,瞬时
持久力吞噬者,distance_type==4 &phase_random==1 &order>=5,妨害（耐力恢复）、耐力恢复,-0.005、0.015,瞬时
奇g,distance_type==4 &phase_random==2,妨害（视野）,-10,3
障眼法,distance_type==4 &phase_random==2,妨害（视野）,-5,3
I^直◎,running_style==1 &straight_random==1,速度,0.25,3
I^直○,running_style==1 &straight_random==1,速度,0.15,3
I^道◎,running_style==1 &all_corner_random==1,速度,0.25,3
I^道○,running_style==1 &all_corner_random==1,速度,0.15,3
避危U,running_style==1 &phase==0 &blocked_front_continuetime>=1 @running_style==1 &phase==0 &blocked_side_continuetime>=1,横向速度、切换跑道,0.025、0.5,3
I先的自尊,running_style==1 &phase<=1 &change_order_onetime>0 &accumulatetime>=5 @running_style==1 &phase<=1 &blocked_side_continuetime>=2 &accumulatetime>=5,速度,0.15,3
悍R娘,running_style==1 &slope==1 &accumulatetime>=10,耐力恢复,0.055,瞬时
S荻,running_style==1 &slope==1 &accumulatetime>=10,耐力恢复,0.015,瞬时
再次燃,running_style==1 &phase_random==2,加速度、耐力恢复,0.4、-0.02,3
第二Σ,running_style==1 &phase_random==2,加速度、耐力恢复,0.2、-0.02,3
重新_始,running_style==1 &phase_random==0 &order>=2 &accumulatetime>=5,妨害（加速度）,-0.1,3
前列直◎,running_style==2 &straight_random==1,速度,0.25,3
前列直○,running_style==2 &straight_random==1,速度,0.15,3
前列道◎,running_style==2 &all_corner_random==1,速度,0.25,3
前列道○,running_style==2 &all_corner_random==1,速度,0.15,3
技巧派,running_style==2 &is_move_lane==1 @running_style==2 &is_move_lane==2,加速度,0.3,3
`巧步伐,running_style==2 &is_move_lane==1 @running_style==2 &is_move_lane==2,加速度,0.2,3
Q心的直滑下,running_style==2 &down_slope_random==1,加速度,0.3,3
直滑下,running_style==2 &down_slope_random==1,加速度,0.2,3
吃鬼,running_style==2 &phase_random==1,耐力恢复,0.055,瞬时
a充IB,running_style==2 &phase_random==1,耐力恢复,0.015,瞬时
不屈精神,running_style==2 &phase_random==1 &order_rate>40,加速度,0.3,3
重整B,running_style==2 &phase_random==1 &order_rate>40,加速度,0.2,3
幻X干_,running_style==2 &phase_random==2 &order_rate<=50,妨害（视野）,-5,3
干_,running_style==2 &phase_random==2 &order_rate<=50,妨害（视野）,-3,3
居中直◎,running_style==3 &straight_random==1,速度,0.25,3
居中直○,running_style==3 &straight_random==1,速度,0.15,3
居中道◎,running_style==3 &all_corner_random==1,速度,0.25,3
居中道○,running_style==3 &all_corner_random==1,速度,0.15,3
^lD,running_style==3 &is_overtake==1 &accumulatetime>=5,加速度,0.3,4
努力不懈,running_style==3 &is_overtake==1 &accumulatetime>=5,加速度,0.2,4
百fn,running_style==3 &up_slope_random==1,速度,0.35,2.4
十fn,running_style==3 &up_slope_random==1,速度,0.15,2.4
放,running_style==3 &phase_random==1 &order_rate>=40,耐力恢复,0.055,瞬时
稍微休息,running_style==3 &phase_random==1 &order_rate>=40,耐力恢复,0.015,瞬时
大局^,running_style==3 &phase_random==1,视野,15,3
解x力,running_style==3 &phase_random==1,视野,5,3
o盯八方,running_style==3 &phase_random==2 &order_rate>50,妨害（耐力恢复）,-0.03,瞬时
J利眼光,running_style==3 &phase_random==2 &order_rate>50,妨害（耐力恢复）,-0.01,瞬时
後追直◎,running_style==4 &straight_random==1,速度,0.25,3
後追直○,running_style==4 &straight_random==1,速度,0.15,3
後追道◎,running_style==4 &all_corner_random==1,速度,0.25,3
後追道○,running_style==4 &all_corner_random==1,速度,0.15,3
良好！]有睿,running_style==4 &is_move_lane==1 @running_style==4 &is_move_lane==2,视野,10,3
看穿,running_style==4 &is_move_lane==1 @running_style==4 &is_move_lane==2,视野,5,3
放W後的＜,running_style==4 &slope==2 &accumulatetime>=10,耐力恢复,0.055,瞬时
放W的啡,running_style==4 &slope==2 &accumulatetime>=10,耐力恢复,0.015,瞬时
沉著冷o,running_style==4 &infront_near_lane_time>=1 &accumulatetime>=10,耐力恢复,0.055,瞬时
冷o,running_style==4 &infront_near_lane_time>=1 &accumulatetime>=10,耐力恢复,0.015,瞬时
天命士,running_style==4 &phase_random==2 &order_rate>50,视野,15,3
策士,running_style==4 &phase_random==2 &order_rate>50,视野,5,3
崆槟,running_style==4 &phase_random==2 &order>=2,妨害（速度）,-0.25,3
凝,running_style==4 &phase_random==2 &order>=2,妨害（速度）,-0.15,3
I^的E[◎,running_style==1,被动（智力）、视野,60、10,始终
I^的E[○,running_style==1,被动（智力）、视野,40、5,始终
前列的E[◎,running_style==2,被动（智力）、视野,60、10,始终
前列的E[○,running_style==2,被动（智力）、视野,40、5,始终
居中的E[◎,running_style==3,被动（智力）、视野,60、10,始终
居中的E[○,running_style==3,被动（智力）、视野,40、5,始终
後追的E[◎,running_style==4,被动（智力）、视野,60、10,始终
後追的E[○,running_style==4,被动（智力）、视野,40、5,始终
超幸\7,random_lot==50 &post_number==7,被动（速度）、被动（耐力）、被动（力量）,60、60、60,始终
幸\7,random_lot==50 &post_number==7,被动（速度）、被动（耐力）、被动（力量）,40、40、40,始终
777,remain_distance<=778 &remain_distance>=776,耐力恢复,0.015,瞬时
登山家,up_slope_random==1,加速度,0.2,3
喜圪R娘,near_count>=3 &accumulatetime>=5,速度,0.15,3
打好基A,activate_count_start>=3,加速度,0.2,3
Q起尾巴,activate_count_middle>=3,速度,0.15,3
使M全力,activate_count_end_after>=3,耐力恢复,0.015,瞬时
同理心,same_skill_horse_count>=5,被动（速度）,40,始终
行b,same_skill_horse_count==1,被动（速度）,40,始终
滑流,infront_near_lane_time>=3 &accumulatetime>=10,速度,0.15,3
[虻酱橹沽耍,behind_near_lane_time>=3 &accumulatetime>=10,速度,0.15,3
逐糁星,phase>=2 &order>=1 &order_rate<=50 &change_order_onetime<0,即时速度、加速度,0.15、0.05,3
不出I先的景色……！,distance_rate>=50 &order==1 &bashin_diff_behind>=1,速度,0.15,3
KO帝皇舞步,phase>=2 &order<=3 &bashin_diff_infront<=1 &is_overtake==1,速度,0.25,3
t焰n位/LP1211-M,is_finalcorner==1 &order<=5 &order_rate<=50,加速度,0.2,2.4
倮的S,order>=2 &order<=5 &order_rate<=50 &remain_distance<=201 &remain_distance>=199,速度,0.25,3
不沉鹋起^！,distance_rate>=50 &distance_rate<=60 &order_rate>50,速度,0.05,3.6
CUTTING×DRIVE！,order>=3 &order_rate<=50 &remain_distance<=200 &bashin_diff_infront<=1 @order>=3 &order_rate<=50 &remain_distance<=200 &bashin_diff_behind<=1,速度,0.15,3
N．赤色王牌,distance_rate>=50 &order==1 &bashin_diff_behind<=1 @distance_rate>=50 &order==2 &is_overtake==1,速度、加速度,0.05、0.1,3
VICTORY SHOT！,is_finalcorner_laterhalf==1 &corner!=0 &order>=3 &order_rate<=40,加速度,0.2,3
精\所至金石殚_,is_last_straight==1 &change_order_onetime<0 &order>=3,速度,0.15,3
必馗哔F的使命,"条件1: is_finalcorner==1 &corner!=0 &distance_diff_rate<=30 &distance_type==4 &lastspurt==2
条件2: is_finalcorner==1 &corner!=0 &distance_diff_rate<=30","条件1: 速度
条件2: 速度","条件1: 0.25
条件2: 0.15","条件1: 3
条件2: 3"
倮者☆w身,is_last_straight==1 &hp_per>=30 &order<=2,速度、加速度,0.05、0.1,3
Io倮女神的舞蹈,is_finalcorner==1 &bashin_diff_behind<=1 &order<=4 @is_finalcorner==1 &bashin_diff_infront<=1 &order<=4,速度,0.15,3
你R皇帝的威莅,is_last_straight==1 &change_order_up_end_after>=3,速度,0.25,3
自尊之炎,is_finalcorner==1 &corner!=0 &order>=3 &change_order_onetime<0,速度,0.15,3
∴win Q.E.D.,"条件1: phase>=2 &is_finalcorner==1 &order<=4 &temptation_count==0
条件2: phase>=2 &is_finalcorner==1 &order<=4","条件1: 速度
条件2: 速度","条件1: 0.25
条件2: 0.15","条件1: 3
条件2: 3"
W耀☆著,is_finalcorner==1 &blocked_side_continuetime>=2 &order<=3,速度、加速度,0.05、0.1,3
G00 1st.F∞;,"条件1: is_badstart==0 &order<=3 &is_last_straight==1 &order_rate_in20_continue==1
条件2: is_badstart==0 &order<=3 &is_last_straight==1","条件1: 速度
条件2: 速度","条件1: 0.25
条件2: 0.15","条件1: 3
条件2: 3"
合成代x_始！,phase>=2 &corner!=0 &order_rate>=65 &order_rate<=70,加速度,0.2,2.4
{N薇追粽,phase>=2 &order<=4 &change_order_onetime<0,速度,0.15,3
U=ma2,distance_rate>=50 &corner!=0 &order>=3 &order_rate<=40,耐力恢复、速度,0.015、0.05,2.4
倮的券Io你！,is_finalcorner==1 &blocked_side_continuetime>=2,速度,0.15,3
模生×M＝大@全,distance_rate>=50 &order<=3 &blocked_side_continuetime>=2,速度,0.15,3
之心,phase_random==1 &order>=2 &order_rate<=40,耐力恢复,0.035,瞬时
雀S不已的精彩r刻,is_finalcorner==1 &corner!=0 &order_rate>50 &near_count>=1,耐力恢复,0.015,瞬时
@`了要@`了@`吧！,phase>=2 &order>=3 &blocked_front==1,速度、加速度,0.15、0.05,3
一定能抵_前方……！,phase>=2 &order==3 &bashin_diff_behind<=1,速度,0.15,3
Pride of KING,temptation_count==0 &remain_distance<=201 &remain_distance>=199 &order>=4 &order_rate<=70,速度,0.25,3
魅惑g,distance_type==1 &phase_random==0 &order_rate<=50 &accumulatetime>=5,妨害（速度）,-0.25,3
精x推],ground_type==2 &phase==1 &blocked_side_continuetime>=2,速度,0.15,2.4
排行E升！,ground_type==2 &phase==1 &blocked_side_continuetime>=2,速度,0.35,2.4
第六感,running_style==1 &phase==0 &blocked_front_continuetime>=1 @running_style==1 &phase==0 &blocked_side_continuetime>=1,横向速度、切换跑道,0.035、0.5,3
Shadow Break,条件1前置: phase==1 &blocked_side_continuetime>=2,"条件1: 速度
条件2: 速度","条件1: 0.25
条件2: 0.15","条件1: 3
条件2: 3"
~×\,phase>=2 &corner!=0 &order==1,加速度,0.2,2.4
W耀歌舞,phase>=2 &order_rate<=40 &behind_near_lane_time_set1>=1,速度,0.25,3
卓越治Kg,phase==1 &change_order_onetime>0 &order_rate>=40,耐力恢复,0.035,瞬时
一^高下！激烈Q！,is_finalcorner==1 &is_behind_in==1 &change_order_onetime<0 &order_rate>=40,速度,0.15,3
上最之名,phase>=2 &is_finalcorner==1 &order<=4 &overtake_target_time>=1,速度,0.15,3.6
兀猛舨,is_finalcorner==1 &corner!=0 &is_overtake==1 &order>=4 &order_rate<=75,加速度,0.2,2.4
暖L吹向永a的瞬g,phase==1 &order>=3 &order_rate<=50 &is_overtake==1,速度,0.15,3
花永_☆w行演,"条件1: is_finalcorner==1 &order_rate<=40 &change_order_onetime<0
条件2: is_finalcorner==1 &order_rate>=50 &order_rate<=80 &change_order_onetime<0","条件1: 速度
条件2: 加速度","条件1: 0.15
条件2: 0.2","条件1: 3
条件2: 2.4"
Nemesis,is_finalcorner==1 &order_rate>=40 &order_rate<=75 &is_overtake==1,速度,0.15,3
W耀Z目☆STARDOM,phase==1 &corner==0 &order<=2 &bashin_diff_behind<=1,速度、加速度,0.05、0.1,3
#LookatCurren,distance_rate>=50 &distance_rate<=65 &order>=2 &order_rate<=50 &change_order_onetime<0,速度、加速度,0.05、0.1,3
青春燃．速度,phase_random==1,速度,0.35,1.8
青春c火．速度,phase_random==1,速度,0.15,1.8
青春燃．w能,phase_random==1,耐力恢复,0.055,瞬时
青春c火．w能,phase_random==1,耐力恢复,0.015,瞬时
青春燃．力量,phase_random==2,加速度,0.4,1.2
青春c火．力量,phase_random==2,加速度,0.2,1.2
青春燃．意志,phase_random==2,速度、加速度,0.25、0.3,1.8
青春c火．意志,phase_random==2,速度、加速度,0.05、0.1,1.8
青春燃．智慧,phase_random==0,横向速度、视野,0.035、15,4
青春c火．智慧,phase_random==0,横向速度、视野,0.015、5,4
i定前排,ground_type==2 &phase_random==2,横向速度、加速度,0.025、0.2,3
目耸亲钋芭牛,ground_type==2 &phase_random==2,横向速度、加速度,0.035、0.3,3
R娘狂粉,near_count>=3 &accumulatetime>=5,速度,0.35,3
沉o的呼吸,running_style==3 &phase_laterhalf_random==0 &order_rate>=40,耐力恢复,0.015,瞬时
伏B,running_style==3 &phase_laterhalf_random==0 &order_rate>=40,耐力恢复,0.055,瞬时
吸睛\略,phase==1 &order_rate<=50 &temptation_opponent_count_behind>=1,妨害（耐力恢复）,-0.03,瞬时
三候秋收_始,distance_rate>=50 &order_rate>=40 &overtake_target_time>=2,速度,0.15,3
木乃伊的鹤?,is_last_straight==1 &order<=4 &bashin_diff_infront<=1,速度、加速度,0.05、0.1,3
Drain for rose,phase==1 &order>=2 &order_rate<=50,耐力恢复、妨害（耐力恢复）、速度,0.015、-0.0025、0.05,3
一鼓作?Chu,distance_rate>=50 &activate_count_heal>=1 &order<=3,速度,0.15,3
^κ俏,is_finalcorner==1 &is_overtake==1 &order<=5 &order_rate<=50 &overtake_target_no_order_up_time>=2,速度,0.25,3
超可?海洋水,phase==1 &order>=2 &order_rate<=80 &activate_count_middle>=2,耐力恢复、速度,0.015、0.05,3
I Never Goof Up!,phase>=2 &change_order_onetime<0,速度、加速度,0.05、0.1,3
KEEP IT REAL.,distance_rate>=50 &order_rate>=40 &order_rate<=80 &is_overtake==1,速度,0.05,3.6
I'M☆FULL☆SPEED!!,"条件1: distance_rate>=45 &distance_rate<=60 &order>=2 &order_rate<=50 &is_overtake==1 &distance_type==1
条件2: distance_rate>=45 &distance_rate<=60 &order>=2 &order_rate<=50 &is_overtake==1","条件1: 即时速度
条件2: 速度","条件1: 0.05
条件2: 0.05","条件1: 3
条件2: 3"
A注一切,distance_type==3 &is_last_straight==1 &order_rate>=20 &order_rate<=60 &phase>=2,速度,0.15,3
必死的Q心,distance_type==3 &is_last_straight==1 &order_rate>=20 &order_rate<=60 &phase>=2,速度,0.35,3
oo追著,distance_rate>=50 &order_rate>=40 &order_rate<=70,速度、妨害（速度）,0.05、-0.025,3.6
秋初L,season==3,被动（速度）、被动（力量）,60、60,始终
破霾之箭,phase>=2 &order_rate<=50 &overtake_target_time>=2,速度,0.15,3.6
GET DOWN,is_finalcorner==1 &corner!=0 &order_rate>=30 &order_rate<=70 &blocked_side_continuetime>=2,速度、加速度,0.05、0.1,3
立w美甲,ground_condition==1,被动（速度）,-40,始终
淀之奇才,track_id==10008,被动（耐力）、被动（智力）、被动（速度）,60、60、60,始终
彼端就在那前方……,phase>=2 &corner!=0 &is_finalcorner==0 &temptation_count==0 &order_rate>=50 &order_rate<=70 @phase==1 &corner!=0 &is_finalcorner==1 &temptation_count==0 &order_rate>=50 &order_rate<=70,加速度,0.2,2.4
VIP常客,distance_type==4 &is_overtake==1 &accumulatetime>=5,耐力恢复,0.055,瞬时
正面Q,running_style==2 &phase_firsthalf_random==2 &order_rate<=50,加速度,0.2,1.8
}夜的奇奔Y！,activate_count_heal>=3 &distance_rate>=50,速度、加速度、耐力恢复,0.05、0.1、0.005,3
Presents from X,order_rate_in50_continue==1 &phase==1 &distance_rate>=50 &order>=2 &order_rate<=40,速度,0.15,3
m沙m,ground_type==2 &phase_random==1 &order_rate>=50,耐力恢复,0.015,瞬时
Fairy tale,distance_rate>=50 &order>=2 &order_rate<=40 &blocked_side_continuetime>=2,速度,0.15,3
R一下白色W吧！,distance_rate>=50 &corner==0 &order_rate>=70 &order_rate<=75 &is_overtake==1 @distance_rate>=50 &corner==0 &order_rate<=30 &order_rate>=20,速度、加速度,0.15、0.05,3
尾巴ST,activate_count_middle>=3,速度,0.35,3
狠S好,distance_type==4 &phase_laterhalf_random==1 &order_rate<=50,速度,0.35,2.4
暖龊,distance_type==4 &phase_laterhalf_random==1 &order_rate<=50,速度,0.15,2.4
攻策,running_style==4 &phase_random==1 &order_rate>=50,速度,0.25,4
提前M攻,running_style==4 &phase_random==1 &order_rate>=50,速度,0.05,4
惠福的船歌,"条件1: remain_distance<=401 &remain_distance>=399 &order_rate<=40 &activate_count_all>=7
条件2: remain_distance<=401 &remain_distance>=399 &order_rate<=40 &activate_count_all<=6","条件1: 速度
条件2: 速度","条件1: 0.25
条件2: 0.15","条件1: 3
条件2: 3"
113跌倒114爬起,is_finalcorner==1 &corner!=0 &distance_diff_top>=7,速度,0.05,3
好之徒,distance_rate_after_random==50,速度、耐力恢复,0.45、-1,1.8
可疑的作,distance_rate_after_random==50,速度、耐力恢复,0.25、-1,1.8
春初暖L,season==1 @season==5,被动（速度）、被动（力量）,60、60,始终
粝胧浅越鸦ǎ,remain_distance<=300 &order_rate<=40 &bashin_diff_infront<=1,速度,0.15,3
光芒一W,distance_type==3 &straight_random==1,速度,0.35,3
_步p盈,distance_type==1 &phase_laterhalf_random==1 &order_rate<=50,速度,0.15,2.4
意獍P,distance_type==1 &phase_laterhalf_random==1 &order_rate<=50,速度,0.35,2.4
巧克力作鹦,order<=4 &phase==1 &corner!=0 &bashin_diff_behind<=3,速度、耐力恢复,0.15、0.0035,3
Guten Appetit?,change_order_up_finalcorner_after>=2 &is_last_straight==1,速度,0.15,3.6
生粝x那翱翔,is_last_straight==1 &bashin_diff_behind<=1,速度、耐力恢复,0.25、-0.01,2.4
迪W斯炻逡亮餍,"条件1: is_last_straight==1 &distance_diff_top>=5 &order_rate<80
条件2: is_last_straight==1 &distance_diff_top>=5 &order_rate>=80","条件1: 速度
条件2: 速度","条件1: 0.15
条件2: 0.25","条件1: 3
条件2: 3"
良好龅刂鬼,ground_condition==1,被动（力量）、被动（速度）,60、60,始终
烈L一W,distance_type==4 &straight_random==1,速度,0.35,3
蓊I^,running_style==1,(未知),0,始终
璀璨繁星,distance_rate_after_random==50,速度、加速度、耐力恢复,0.05、0.1、0.005,1.2
一等星,distance_rate_after_random==50,速度、加速度、耐力恢复,0.25、0.3、0.035,1.2
Schwarzes Schwert,"条件1: temptation_count==0 &order>=3 &is_last_straight==1 &order_rate_in80_continue==1 &order_rate_out40_continue==1
条件2: temptation_count==0 &order>=3 &is_last_straight==1","条件1: 速度
条件2: 速度","条件1: 0.25
条件2: 0.15","条件1: 3
条件2: 3"
r之鬼,rotation==1,被动（速度）、被动（力量）,60、60,始终
永世光x槲艺樟粱璋,"条件1: is_last_straight_onetime==1 &order>=2 &order<=5 &distance_diff_top<=5
条件2: is_last_straight_onetime==1 &order>=2 &order<=5 &distance_diff_top>5","条件1: 速度
条件2: 速度","条件1: 0.25
条件2: 0.15","条件1: 3
条件2: 3"
倮g呼嘿呀！,"条件1: phase==2 &straight_front_type==2 &order<=2
条件2: distance_rate>=50 &corner==3 &order<=2","条件1: 速度、加速度
条件2: 速度","条件1: 0.05、0.1
条件2: 0.05","条件1: 3
条件2: 3"
日本第一的R娘,distance_type==4 &is_finalcorner_random==1,速度,0.35,3
泰然自若,distance_type==4 &phase_firsthalf_random==1 &order_rate>=40 &order_rate<=80,耐力恢复、速度,0.075、-0.15,1.2
我行我素,distance_type==4 &phase_firsthalf_random==1 &order_rate>=40 &order_rate<=80,耐力恢复、速度,0.035、-0.15,1.2
清雅花信L,distance_rate>=50 &order_rate>=40 &order_rate<=80,速度,0.035,3
起死回生,distance_type==3 &phase_firsthalf_random==2 &order_rate>=40,加速度,0.4,1.8
C不可失,distance_type==3 &phase_firsthalf_random==2 &order_rate>=40,加速度,0.2,1.8
萑绾,distance_type==3 &phase==1 &order_rate<=80 &order_rate>=30 &blocked_side_continuetime>=2,速度、耐力恢复,0.35、0.035,2.4
Y心,distance_type==3 &phase==1 &order_rate<=80 &order_rate>=30 &blocked_side_continuetime>=2,速度、耐力恢复,0.15、0.005,2.4
d^感,distance_type==3 &phase_random==1 &order_rate>=50,速度,0.35,2.4
eO前M,distance_type==3 &phase_random==1 &order_rate>=50,速度,0.15,2.4
尖跑者,running_style==1 &phase<=1 &change_order_onetime>0 &accumulatetime>=5 @running_style==1 &phase<=1 &blocked_side_continuetime>=2 &accumulatetime>=5,速度,0.35,3
短兵相接,running_style==2 &phase_firsthalf_random==2 &order_rate<=50,加速度,0.4,1.8
花苞`放之r,phase==1 &blocked_side_continuetime>=2 &corner!=0,加速度,0.2,2.4
烈火撩y，o持舞,is_finalcorner==1 &change_order_onetime<0,速度,0.15,3
萑缙浦,distance_type==2 &is_finalcorner_random==1 &order_rate>=50,速度,0.35,1.8
菔足,distance_type==2 &is_finalcorner_random==1 &order_rate>=50,速度,0.15,1.8
大o畏,running_style==3 &distance_rate_after_random==50 &order_rate>=30 &order_rate<=80,速度、加速度,0.35、0.1,2.4
o畏之心,running_style==3 &distance_rate_after_random==50 &order_rate>=30 &order_rate<=80,速度、加速度,0.15、0.05,2.4
Go☆Go☆for it!,"条件1前置: is_finalcorner==1 &change_order_onetime<0
条件2前置: is_finalcorner==1 &change_order_onetime<0","条件1: 速度
条件2: 速度","条件1: 0.15
条件2: 0.15","条件1: 3.6
条件2: 3"
Z隆作！特雷森援F！！,distance_rate>=50 &order_rate_out70_continue==1 &temptation_count==0,加速度,0.2,2.4
狂野旋L,distance_type==3 &phase_random==1 &order<=3,速度、妨害（速度）,0.35、-0.15,1.8
灌注馄,distance_type==3 &phase_random==1 &order<=3,速度、妨害（速度）,0.15、-0.035,1.8
充能完！全速前M！,条件1前置: remain_distance<=305 &remain_distance>=300 &slope==1,"条件1: 速度
条件2: 速度","条件1: 0.25
条件2: 0.05","条件1: 3
条件2: 3"
我先失陪！,behind_near_lane_time>=3 &accumulatetime>=10,速度,0.35,3
bbI先之道,distance_rate>=50 &order_rate_in20_continue==1,耐力恢复、速度,0.015、0.05,3.6
勇往直前,running_style==3 &phase_random==1,速度、耐力恢复,0.45、-0.02,2.4
忾y全_,running_style==3 &phase_random==1,速度、耐力恢复,0.25、-0.02,2.4
Best day ever,"条件1: remain_distance>=401 &phase>=2 &is_finalcorner==1 &order_rate>=20 &order_rate<=40
条件2: phase>=2 &is_finalcorner==1 &order_rate>=20 &order_rate<=40","条件1: 速度、加速度
条件2: 速度","条件1: 0.15、0.05
条件2: 0.15","条件1: 3
条件2: 3"
One True Color,remain_distance<=350 &order_rate<=40 &order_rate>=20 &bashin_diff_behind<=1,速度、加速度,0.05、0.1,3
身楣主要H手取,is_last_straight==1 &blocked_side_continuetime>=2,速度,0.15,3
YEAH☆VIVID TIME!,is_last_straight==1 &order_rate<=40 &overtake_target_time>=1 @is_last_straight==1 &order_rate<=40 &is_overtake==1,速度,0.15,3
咚、啪、姆！,distance_rate>=50 &phase==1 &order>=3 &order_rate<=70,耐力恢复、速度,0.015、0.05,3
Ravissant,is_finalcorner==1 &change_order_onetime<0 &order_rate<=40,速度,0.25,2.4
Do Ya Breakin!,"条件1: phase>=2 &corner==0 &order<=2 &straight_front_type==2
条件2: phase>=2 &corner==0 &order<=2","条件1: 速度、加速度
条件2: 速度","条件1: 0.15、0.07
条件2: 0.15","条件1: 3
条件2: 3"
沙之行家,ground_type==2 &phase_random==1 &order_rate>=50,耐力恢复、速度,0.055、0.35,1.8
要n幔∫n吧！,distance_rate>=50 &order_rate_out40_continue==1,速度,0.25,3
我A定了☆l犹焯螟B魔法！,order_rate_out50_continue==1 &temptation_count==0 &is_finalcorner==1,速度,0.15,3.6
自制之心,always==1,被动（智力）、焦躁概率,60、-3,始终
奔向人心又,distance_rate>=60 &slope==2 &phase==1 &order_rate>=40 &order_rate<=80 &remain_distance>=500,速度,0.15,3
Joyful Voyage!,"条件1: distance_diff_top<=5 &order>=2 &order_rate<=40 &remain_distance<=201 &remain_distance>=199
条件2: order>=2 &order_rate<=40 &remain_distance<=201 &remain_distance>=199","条件1: 速度、即时速度
条件2: 速度","条件1: 0.15、0.035
条件2: 0.15","条件1: 3
条件2: 3"
下坡`巧,down_slope_random==1,速度,0.15,2.4
月影一W,running_style==4 &straight_random==1,速度,0.35,3
尊爆☆最後n―(???)―刺！,change_order_up_end_after>=2,速度、横向速度,0.15、0.015,3
不要命令我！！,always==1,出迟时长、被动（智力）,0.085、-40,始终
99 Problems,always==1,被动（毅力）、被动（智力）,-40、-40,始终
trigger:BEAT,is_finalcorner==1 &order_rate>=40 &order_rate<=75 &lane_type==0,速度、横向速度,0.15、0.015,3
光芒A刃,distance_type==3 &all_corner_random==1,速度,0.35,3
威LCC，揭簦,条件1前置: track_id==10005,"条件1: 速度
条件2: 速度","条件1: 0.25
条件2: 0.05","条件1: 3
条件2: 3"
Ｐ闹轮,is_badstart==0 &running_style==2 &distance_type==4 &phase_firsthalf_random==1,耐力恢复,0.075,瞬时
毫o破`,is_badstart==0 &running_style==2 &distance_type==4 &phase_firsthalf_random==1,耐力恢复,0.035,瞬时
Adventure of 564,distance_rate_after_random==50,速度、触发金技,0.035、1,3
波光粼粼的海，Nx煌的你,distance_rate>=50 &order_rate<=40,速度,0.035,3
嵫！！m察之,phase>=2 &order_rate>=50 &is_finalcorner==1 &bashin_diff_infront<=1,加速度、加速度,0.05、0.05,1.2
川崎觥,track_id==10103,被动（耐力）,60,始终
川崎觥,track_id==10103,被动（耐力）,40,始终
川崎觥,track_id==10103,被动（耐力）,-40,始终
船蛸觥,track_id==10104,被动（耐力）,60,始终
船蛸觥,track_id==10104,被动（耐力）,40,始终
船蛸觥,track_id==10104,被动（耐力）,-40,始终
盛觥,track_id==10105,被动（耐力）,60,始终
盛觥,track_id==10105,被动（耐力）,40,始终
盛觥,track_id==10105,被动（耐力）,-40,始终
夜g◎,time==4,被动（智力）,60,始终
夜g○,time==4,被动（智力）,40,始终
夜g×,time==4,被动（智力）,-40,始终
急◎,track_id==10001 @track_id==10002 @track_id==10004 @track_id==10010 @track_id==10103 @track_id==10104,被动（智力）,60,始终
急○,track_id==10001 @track_id==10002 @track_id==10004 @track_id==10010 @track_id==10103 @track_id==10104,被动（智力）,40,始终
急×,track_id==10001 @track_id==10002 @track_id==10004 @track_id==10010 @track_id==10103 @track_id==10104,被动（智力）,-40,始终
交流主要◎,is_dirtgrade==1,被动（速度）,60,始终
交流主要○,is_dirtgrade==1,被动（速度）,40,始终
交流主要×,is_dirtgrade==1,被动（速度）,-40,始终
倮的C\,ground_type==2 &phase_laterhalf_random==1 &order_rate<=50,速度,0.35,2.4
明朗之兆,ground_type==2 &phase_laterhalf_random==1 &order_rate<=50,速度,0.15,2.4
酝林,ground_type==2 &phase_random==1 &order_rate>=50,速度,0.35,2.4
重振旗鼓,ground_type==2 &phase_random==1 &order_rate>=50,速度,0.15,2.4
全速前M！,ground_type==2 &phase_random==3 &order_rate<=50 &is_lastspurt==1,速度,0.35,3
L直入,ground_type==2 &phase_random==3 &order_rate<=50 &is_lastspurt==1,速度,0.15,3
明R止水,ground_type==2 &order_rate>=50 &activate_count_heal>=1 &distance_rate<=42 &phase==1,速度,0.35,1.8
思w清晰,ground_type==2 &order_rate>=50 &activate_count_heal>=1 &distance_rate<=42 &phase==1,速度,0.15,1.8
雅地沙浴,ground_type==2 &accumulatetime>=5 &infront_near_lane_time>=3,速度,0.35,3
沙浴○,ground_type==2 &accumulatetime>=5 &infront_near_lane_time>=3,速度,0.15,3
沙浴×,ground_type==2 &accumulatetime>=5 &infront_near_lane_time>=3,速度,-0.2,3
目耸侵醒胝疚唬,ground_type==2 &phase_random==2 &order_rate<=50,加速度,0.4,3
崆槭足,ground_type==2 &phase_random==2 &order_rate<=50,加速度,0.2,3
爆走模式！,ground_type==2 &phase_random==2 &order_rate>=50,加速度,0.4,3
o急上升,ground_type==2 &phase_random==2 &order_rate>=50,加速度,0.2,3
超群的~步,"条件1: ground_type==2 &base_power>=1200
条件2: ground_type==2 &base_power>=1000 &base_power<1200","条件1: 被动（速度）
条件2: 被动（速度）","条件1: 80
条件2: 60","条件1: 始终
条件2: 始终"
熟~步,"条件1: ground_type==2 &base_power>=1200
条件2: ground_type==2 &base_power>=1000 &base_power<1200","条件1: 被动（速度）
条件2: 被动（速度）","条件1: 40
条件2: 20","条件1: 始终
条件2: 始终"
泥巴大,ground_type==2 &ground_condition==3 @ground_type==2 &ground_condition==4,被动（速度）、被动（力量）,60、60,始终
玩泥巴◎,ground_type==2 &ground_condition==3 @ground_type==2 &ground_condition==4,被动（速度）,60,始终
玩泥巴○,ground_type==2 &ground_condition==3 @ground_type==2 &ground_condition==4,被动（速度）,40,始终
玩泥巴×,ground_type==2 &ground_condition==3 @ground_type==2 &ground_condition==4,被动（速度）,-40,始终
沙上的舞姬,ground_type==2 &accumulatetime>=10 &phase==0 &order<=1 &bashin_diff_behind<=1,妨害（速度）,-0.25,3
m,ground_type==2 &accumulatetime>=10 &phase==0 &order<=1 &bashin_diff_behind<=1,妨害（速度）,-0.15,3
大意失G州,ground_type==2 &distance_rate>=50 &is_other_character_activate_advantage_skill==9,妨害（速度）,-0.25,3
浩雀,ground_type==2 &distance_rate>=50 &is_other_character_activate_advantage_skill==9,妨害（速度）,-0.15,3
_\天翔,phase_laterhalf_random==1,速度,0.05,3
莶豢,phase_random==1 &running_style==2,速度,0.35,2.4
M攻的姿B,phase_random==1 &running_style==2,速度,0.15,2.4
想和你一起@得倮,distance_rate_after_random==50 &order_rate<=65,速度、加速度,0.35、0.2,1.2
粝氲耐局,distance_rate_after_random==50 &order_rate<=65,速度、加速度,0.15、0.07,1.2
α-star*,"条件1: distance_rate>=40 &distance_rate<=50 &distance_diff_rate<=10 &ground_type==2
条件2: distance_rate>=40 &distance_rate<=50 &distance_diff_rate<=10","条件1: 速度、耐力恢复
条件2: 速度","条件1: 0.05、0.005
条件2: 0.05","条件1: 3.6
条件2: 3.6"
突破,phase_random==1 &running_style==4 &order_rate>=50,速度、横向速度,0.35、0.035,2.4
突策,phase_random==1 &running_style==4 &order_rate>=50,速度、横向速度,0.15、0.015,2.4
1000％出！,phase_firsthalf_random==1 &running_style==1,速度、耐力恢复,0.45、-0.04,2.7
孜孜不倦,phase_firsthalf_random==1 &running_style==1,速度、耐力恢复,0.25、-0.04,2.7
直_粝氲谋硕耍,is_lastspurt==1 &is_last_straight==1 &order_rate>=40,速度、速度,0.05、0.05,3.6
Hephaistos,phase>=2 &is_finalcorner_laterhalf==1 &order_rate<=75 &order_rate>=40,速度,0.15,3
雪光，追上去吧,distance_diff_top<=5 &remain_distance<=300 &order_rate<=40,速度,0.15,3
紫一W,distance_type==1 &straight_random==1,速度,0.35,3
光石火,distance_type==1 &phase>=2 &order_rate>=50 &is_overtake==1 @distance_type==2 &phase>=2 &order_rate>=50 &is_overtake==1,加速度,0.4,2
一wn天,distance_type==1 &phase>=2 &order_rate>=50 &is_overtake==1 @distance_type==2 &phase>=2 &order_rate>=50 &is_overtake==1,加速度,0.2,2
「I'm possible」,"条件1: remain_distance<=201 &remain_distance>=199 &distance_diff_top<=5 &order>=2
条件2: remain_distance<=201 &remain_distance>=199 &distance_diff_top<=10 &order>=2","条件1: 速度
条件2: 速度","条件1: 0.25
条件2: 0.15","条件1: 3
条件2: 3"
到好位置了！,infront_near_lane_time>=3 &accumulatetime>=10,速度,0.35,3
萌到我活^砹耍,near_count>=3 &phase==1 &corner!=0 &order_rate>=40,速度,0.15,3
Spooky-Scary-Happy,is_last_straight_onetime==1 &order_rate<=40,速度、妨害（速度）、妨害（速度）,0.15、-0.025、-0.025,3
Silent letter,remain_distance<=400 &order<=2 &overtake_target_time>=1,速度、加速度,0.05、0.1,3
L之志,running_style==2 &order>=2 &distance_diff_top<=5 &distance_rate>=60 &phase==1,速度,0.25,4
上M心,running_style==2 &order>=2 &distance_diff_top<=5 &distance_rate>=60 &phase==1,速度,0.05,4
然忘我,distance_type==4 &running_style==3 &is_lastspurt==1 &order_rate>=40,加速度、耐力恢复,0.4、-0.02,1.5
不一切,distance_type==4 &running_style==3 &is_lastspurt==1 &order_rate>=40,加速度、耐力恢复,0.2、-0.02,1.5
春光明媚,"条件1前置: distance_rate>=50 &order_rate_out20_continue==1
条件2前置: distance_rate>=50 &order_rate_out20_continue==1","条件1: 加速度
条件2: 加速度","条件1: 0.07
条件2: 0.05","条件1: 4.8
条件2: 4.8"
^P,distance_type==3 &running_style==2 &phase_laterhalf_random==1 &distance_diff_top<=10,速度、加速度,0.25、0.3,3
健的步伐,distance_type==3 &running_style==2 &phase_laterhalf_random==1 &distance_diff_top<=10,速度、加速度,0.05、0.1,3
火神Q,activate_count_middle>=2,速度、速度,0.05、0.025,3.6
羲,phase>=2 &corner!=0 &order_rate>=60 &is_overtake==1,速度,0.15,3
徒,"条件1: popularity<=3 &random_lot==30
条件2: popularity>=4 &random_lot==60","条件1: 被动（速度）、被动（力量）、被动（毅力）
条件2: 被动（速度）、被动（力量）、被动（毅力）","条件1: 80、80、80
条件2: 80、80、80","条件1: 始终
条件2: 始终"
投C取巧,"条件1: popularity<=3 &random_lot==15
条件2: popularity>=4 &random_lot==30","条件1: 被动（速度）、被动（力量）、被动（毅力）
条件2: 被动（速度）、被动（力量）、被动（毅力）","条件1: 40、40、40
条件2: 40、40、40","条件1: 始终
条件2: 始终"
身存亡之H，面@猖狂笑,"条件1前置: is_finalcorner==1 &is_overtake==1
条件2前置: is_finalcorner==1 &is_overtake==1","条件1: 速度
条件2: 速度","条件1: 0.25
条件2: 0.15","条件1: 3
条件2: 3"
J_一W,running_style==3 &straight_random==1,速度,0.35,3
超越O限,is_lastspurt==1 &phase_random==3,速度,0.35,2.4
只注前方,is_lastspurt==1 &phase_random==3,速度,0.15,2.4
的精髓．速度,phase_laterhalf_random==1,速度,0.15,2
的精髓．w能,phase_random==3 &hp_per>=2 &is_lastspurt==1,速度、耐力恢复,0.25、-0.02,3
的精髓．力量,phase==3 &is_overtake==1 &is_lastspurt==1,速度,0.15,4
的精髓．意志,compete_fight_count>0,加速度,0.2,1.2
的精髓．智慧,activate_count_later_half>=2,速度,0.15,2
的精髓．心得,motivation>=4,被动（耐力）、被动（毅力）、被动（智力）,40、40、40,始终
Never Say Never,"条件1: remain_distance>=299 &remain_distance<=301 &order_rate>=20 &order_rate<=40 &distance_diff_top<=5 &ground_type==2
条件2: remain_distance>=299 &remain_distance<=301 &order_rate>=20 &order_rate<=40","条件1: 速度、即时速度
条件2: 速度","条件1: 0.05、0.05
条件2: 0.05","条件1: 3
条件2: 3"
最高n速,running_style==3 &is_last_straight==1 &order>=2 &distance_diff_top<=10,速度,0.45,2.4
迅猛之_,running_style==3 &is_last_straight==1 &order>=2 &distance_diff_top<=10,速度,0.25,2.4
b不可及的影子,running_style==1 &is_last_straight==1 &order==1 &bashin_diff_behind<=1,速度,0.45,2.4
远ú灰,running_style==1 &is_last_straight==1 &order==1 &bashin_diff_behind<=1,速度,0.25,2.4
猛追,running_style==2 &distance_rate>=50 &is_overtake==1 @running_style==3 &distance_rate>=50 &is_overtake==1,速度,0.35,2.4
咬住不放,running_style==2 &distance_rate>=50 &is_overtake==1 @running_style==3 &distance_rate>=50 &is_overtake==1,速度,0.15,2.4
l]本I,distance_diff_top<=10 &distance_rate>=60 &phase==1,加速度,0.2,1.2
Into High Gear!,"条件1前置: phase>=1 &slope==2 &order_rate>=50 &order_rate<=80 &track_id==10006
条件2前置: phase>=1 &slope==2 &order_rate>=50 &order_rate<=80","条件1: 速度、加速度
条件2: 速度","条件1: 0.15、0.05
条件2: 0.15","条件1: 3
条件2: 2.4"
Queen's Lumination,"条件1: distance_rate>=50 &corner==0 &order==1 &bashin_diff_behind<=1
条件2: distance_rate>=50 &corner==0 &order<=2","条件1: 速度
条件2: 速度","条件1: 0.15
条件2: 0.05","条件1: 3.6
条件2: 3.6"
e起吧，我的`魂之Γ,"条件1: phase>=2 &remain_distance<=401 &remain_distance>=399 &order_rate<=40 &grade==100 &popularity<=3
条件2: phase>=2 &remain_distance<=401 &remain_distance>=399 &order_rate<=40","条件1: 速度
条件2: 速度","条件1: 0.25
条件2: 0.15","条件1: 3
条件2: 3"
怪物,distance_diff_top<=10 &distance_rate>=60 &phase==1,加速度,0.4,1.2
灰色R界c,phase>=2 &is_finalcorner_laterhalf==1 &order_rate<=40,速度,0.15,3
^人的n,distance_rate>=66 &order_rate_out50_continue==1 &temptation_count==0,加速度,0.4,1.2
n,distance_rate>=66 &order_rate_out50_continue==1 &temptation_count==0,加速度,0.2,1.2
消散蹼的S金甲箭,distance_rate>=40 &distance_rate<=50 &order_rate>=40 &order_rate<=80,速度、耐力恢复,0.15、0.005,3
吉兆@天大放送！,phase>=2 &corner!=0 &remain_distance>=600 &order<=3,即时速度、加速度,0.15、0.05,2.4
W耀吧☆苫小牧,phase==1 &blocked_side_continuetime>=2 &corner!=0,加速度,0.07,2.4
xo反,distance_type==2 &phase_laterhalf_random==1 &order_rate<=50,速度,0.35,2.4
不後果,distance_type==2 &phase_laterhalf_random==1 &order_rate<=50,速度,0.15,2.4
超害的第一名支持度,always==1,焦躁概率,10,始终
嗨起磬似戆咽侄寂e高！,"条件1: distance_type==1 &phase_laterhalf_random==1 &order_rate<=50 @distance_type==2 &phase_laterhalf_random==1 &order_rate<=50
条件2: distance_type==3 &phase_laterhalf_random==1 &order_rate<=50 @distance_type==4 &phase_laterhalf_random==1 &order_rate<=50","条件1: 速度
条件2: 速度","条件1: 0.05
条件2: 0.05","条件1: 3.6
条件2: 3"
LA刃,running_style==1 &all_corner_random==1,速度,0.35,3
J_A刃,running_style==3 &all_corner_random==1,速度,0.35,3
至高的下坡者,down_slope_random==1,速度,0.35,2.4
Io你的拉花,"条件1: distance_rate>=60 &slope==2 &phase==1 &order>=2 &distance_diff_top<=10 &distance_type==3
条件2: distance_rate>=60 &slope==2 &phase==1 &order>=2 &distance_diff_top<=10 &distance_type!=3","条件1: 速度、加速度
条件2: 速度","条件1: 0.15、0.05
条件2: 0.15","条件1: 2.4
条件2: 2.4"
清新☆待客,phase_firsthalf_random==1 &order_rate<=30,速度、耐力恢复,0.05、0.005,3.6
Ding Dong Boo,"条件1: compete_fight_count>0 &ground_type==2
条件2: compete_fight_count>0","条件1: 速度、加速度
条件2: 速度","条件1: 0.05、0.2
条件2: 0.05","条件1: 3
条件2: 3"
天衣op,distance_type==3 &corner_random==3 &order_rate>=50 @distance_type==4 &corner_random==3 &order_rate>=50,即时速度,0.35,3
破格,distance_type==3 &corner_random==3 &order_rate>=50 @distance_type==4 &corner_random==3 &order_rate>=50,即时速度,0.15,3
形成,distance_type==2 &phase_random==1 @distance_type==3 &phase_random==1,速度,0.35,2.4
雅的步伐,distance_type==2 &phase_random==1 @distance_type==3 &phase_random==1,速度,0.15,2.4
太的睿智,phase==1 &blocked_side_continuetime>=2,速度,0.35,1.8
太的庇o,phase==1 &blocked_side_continuetime>=2,速度,0.15,1.8
大海的睿智,phase_firsthalf_random==0,加速度,0.4,1.5
大海的庇o,phase_firsthalf_random==0,加速度,0.2,1.5
大地的睿智,phase_laterhalf_random==2,速度,0.35,2.4
大地的庇o,phase_laterhalf_random==2,速度,0.15,2.4
抒情，往旅途的Kc,"条件1: distance_type==3 &phase_laterhalf_random==1 &order_rate>50 @distance_type==4 &phase_laterhalf_random==1 &order_rate>50
条件2: distance_type==1 &phase_laterhalf_random==1 &order_rate>50 @distance_type==2 &phase_laterhalf_random==1 &order_rate>50","条件1: 速度
条件2: 速度","条件1: 0.05
条件2: 0.05","条件1: 3.6
条件2: 3.6"
引擎全_！大射！,"条件1: distance_rate>=34 &distance_rate<=36 &order==1 &bashin_diff_behind>=1
条件2: phase==3 &is_activate_other_skill_detail==1","条件1: 速度
条件2: 速度","条件1: 0.035
条件2: -0.05","条件1: 10.4
条件2: 500"
威LCC,running_style==3 &order_rate>=40 &is_finalcorner_random==1,速度、妨害（速度）、妨害（速度）,0.35、-0.15、-0.15,1.8
毫,running_style==3 &order_rate>=40 &is_finalcorner_random==1,速度、妨害（速度）、妨害（速度）,0.15、-0.035、-0.035,1.8
_拓未淼钠孥,distance_type==1 &phase_random==2,加速度,0.4,1.8
保持至高,distance_rate>=66 &distance_rate<=68 &order_rate>=60 &order_rate<=90 &temptation_count==0,即时速度、妨害（速度）,0.05、-0.025,3
神速,distance_rate_after_random==50,即时速度、耐力恢复,0.35、0.015,3
快速,distance_rate_after_random==50,即时速度、耐力恢复,0.15、0.0035,3
一l必中,distance_type==4 &phase_laterhalf_random==1 &order_rate>=50,速度,0.35,2.4
i定,distance_type==4 &phase_laterhalf_random==1 &order_rate>=50,速度,0.15,2.4
Mission: Triumph,"条件1: distance_rate>=40 &corner==0 &slope==2 &order_rate>=40 &order_rate<=80
条件2: distance_rate>=40 &corner==0 &order_rate>=40 &order_rate<=80","条件1: 速度
条件2: 速度","条件1: 0.15
条件2: 0.15","条件1: 3.6
条件2: 3"
兔的彼端,distance_type==4 &phase_random==1,耐力恢复、速度,0.055、0.25,2.4
心o旁F,distance_type==4 &phase_random==1,耐力恢复、速度,0.015、0.05,2.4
盛_吧盛_吧！我！,phase==1 &blocked_side_continuetime>=2,加速度,0.2,3
Danser le présent,phase>=2 &is_last_straight==1 &order_rate>=20 &order_rate<=40 &bashin_diff_behind<=1,速度、即时速度、耐力恢复,0.15、0.035、-0.03,3
一夂浅,distance_type==4 &running_style==3 &phase_firsthalf_random==2 &lastspurt==2,即时速度,0.35,3
匆促,distance_type==4 &running_style==3 &phase_firsthalf_random==2 &lastspurt==2,即时速度,0.15,3
花_，世界,"条件1: distance_type==4 &distance_rate>=50 &distance_rate<=51 &order_rate>=30 &order_rate<=80
条件2: distance_rate>=50 &distance_rate<=51 &order_rate>=30 &order_rate<=80","条件1: 速度、耐力恢复
条件2: 速度","条件1: 0.05、0.035
条件2: 0.05","条件1: 3.6
条件2: 3"
冷性l光,distance_type==3 &activate_count_all>=13,即时速度,0.35,2.4
c火,distance_type==3 &activate_count_all>=13,即时速度,0.15,2.4
w向星辰彼端,"条件1: distance_rate>=50 &distance_rate<=55 &order_rate>=40 &order_rate<=80 &distance_type==3 &activate_count_all>=7
条件2: distance_rate>=50 &distance_rate<=55 &order_rate>=40 &order_rate<=80","条件1: 速度
条件2: 速度","条件1: 0.25
条件2: 0.15","条件1: 3
条件2: 3"
磐石的架式,activate_count_start>=3,加速度,0.4,3
M溢的崆,running_style==3 &phase_laterhalf_random==0 &order_rate>=40,速度,0.15,2.4
_始推M,running_style==3 &phase_laterhalf_random==1 &order_rate>=40,速度,0.15,2.4
CHERRY☆y,order<=3 &remain_distance<=401 &remain_distance>=399,加速度,0.05,0.6
L呀L！？力旋,"条件1: distance_rate>=50 &corner!=0 &order_rate>=40 &order_rate<=80 &distance_type==3
条件2: distance_rate>=50 &corner!=0 &order_rate>=40 &order_rate<=80","条件1: 速度、加速度
条件2: 速度","条件1: 0.05、0.05
条件2: 0.05","条件1: 1.2
条件2: 1.2"
千里之行,running_style==3 &phase_random==1 &order_rate>=40 &order_rate<=90,速度,0.25,4
始於足下,running_style==3 &phase_random==1 &order_rate>=40 &order_rate<=90,速度,0.05,4
Bang☆大爆冷T的奇！,"条件1: distance_type==4 &order_rate>=40 &order_rate<=70 &is_finalcorner_laterhalf==1 &popularity>=4
条件2: order_rate>=40 &order_rate<=70 &is_finalcorner_laterhalf==1","条件1: 速度
条件2: 速度","条件1: 0.25
条件2: 0.05","条件1: 3.6
条件2: 3.6"
虎[L生,base_speed>=1000 &base_power>=1000 &distance_type==2 @base_speed>=1000 &base_power>=1000 &distance_type==3,被动（速度）、被动（力量）,60、60,始终
自信家,base_speed>=1000 &base_power>=1000 &distance_type==2 @base_speed>=1000 &base_power>=1000 &distance_type==3,被动（速度）、被动（力量）,20、20,始终
激昂的心跳,distance_type==3 &phase_firsthalf_random==2 &order_rate>=30 &order_rate<=80 @distance_type==4 &phase_firsthalf_random==2 &order_rate>=30 &order_rate<=80,即时速度,0.35,3
ガF崃,distance_type==3 &phase_firsthalf_random==2 &order_rate>=30 &order_rate<=80 @distance_type==4 &phase_firsthalf_random==2 &order_rate>=30 &order_rate<=80,即时速度,0.15,3
雷霆的P,phase>=2 &order_rate>=50,即时速度,0.15,3
豪LA刃,distance_type==2 &all_corner_random==1,速度,0.35,3
超大份量！一口定情！,change_order_up_middle>=3,速度、加速度,0.15、0.05,2.4
Flowering Dreams,"条件1: order>=2 &order_rate<=70 &remain_distance<=201 &remain_distance>=199 &near_count>=3
条件2: order>=2 &order_rate<=70 &remain_distance<=201 &remain_distance>=199","条件1: 速度、即时速度
条件2: 速度","条件1: 0.15、0.035
条件2: 0.15","条件1: 3
条件2: 3"
f彩☆美★世界,"条件1: distance_rate<=50 &distance_rate>=40 &order_rate<=80 &order_rate>=50 &near_count>=1 &visiblehorse>=4
条件2: distance_rate<=50 &distance_rate>=40 &order_rate<=80 &order_rate>=50 &near_count>=1","条件1: 速度
条件2: 速度","条件1: 0.2
条件2: 0.15","条件1: 3
条件2: 3"
青,season==2,被动（速度）、被动（力量）,60、60,始终
崆榕炫,distance_type==2 &phase_firsthalf_random==2 &order_rate<=50,加速度,0.4,1.8
雀S,distance_type==2 &phase_firsthalf_random==2 &order_rate<=50,加速度,0.2,1.8
超☆嗨↑心情,distance_type==4 &phase_random==1,速度、耐力恢复,0.35、0.035,2.4
心情上升,distance_type==4 &phase_random==1,速度、耐力恢复,0.15、0.005,2.4
GALmem.直到永h?,"条件1: distance_rate>=40 &distance_rate<=50 &order_rate>=40 &order_rate<=80 &motivation==5
条件2: distance_rate>=40 &distance_rate<=50 &order_rate>=40 &order_rate<=80","条件1: 速度
条件2: 速度","条件1: 0.1
条件2: 0.05","条件1: 3.6
条件2: 3.6"
Wx．盛夏燃！！,"条件1: distance_type==1 &remain_distance<=201 &remain_distance>=199 &order_rate>=20 &order_rate<=50 &change_order_up_end_after>=1
条件2: remain_distance<=201 &remain_distance>=199 &order_rate>=20 &order_rate<=50","条件1: 速度
条件2: 速度","条件1: 0.25
条件2: 0.05","条件1: 3
条件2: 3"
破藻\旗「葛城s主」！,"条件1: corner==3 &order==1 &track_id==10006 &distance_type==3
条件2: corner==3 &order==1","条件1: 速度、耐力恢复
条件2: 速度、耐力恢复","条件1: 0.05、0.005
条件2: 0.05、0.005","条件1: 3.6
条件2: 3"
k焦灼,"条件1: remain_distance>=799 &remain_distance<=801 &order_rate>=30 &order_rate<=60 &course_distance==2400 &popularity<=3
条件2: remain_distance>=799 &remain_distance<=801 &order_rate>=30 &order_rate<=60","条件1: 加速度
条件2: 加速度","条件1: 0.3
条件2: 0.07","条件1: 2.4
条件2: 2.4"
突艋,running_style==3 &phase_laterhalf_random==1 &order_rate>=40,速度,0.35,2.4
比l都前方！,distance_type==3 &phase==0,加速度,0.4,1.5
得先C,distance_type==3 &phase==0,加速度,0.2,1.5
奇c,"条件1: running_style==2 &distance_type==3 &base_speed>=1200 &base_wiz>=1200
条件2: running_style==2 &distance_type==3 &base_speed>=1200 &base_wiz<1200","条件1: 被动（速度）
条件2: 被动（速度）","条件1: 80
条件2: 60","条件1: 始终
条件2: 始终"
探求心,"条件1: running_style==2 &distance_type==3 &base_speed>=1200 &base_wiz>=1200
条件2: running_style==2 &distance_type==3 &base_speed>=1200 &base_wiz<1200","条件1: 被动（速度）
条件2: 被动（速度）","条件1: 40
条件2: 20","条件1: 始终
条件2: 始终"
~向水平的彼端,条件1前置: phase==1 &bashin_diff_behind>=3 &order==1,"条件1: 即时速度
条件2: 即时速度","条件1: 0.25
条件2: 0.05","条件1: 3
条件2: 3"
夏日天空下的光,"条件1: distance_rate>=50 &corner!=0 &order_rate>=20 &order_rate<=50 &track_id==10005
条件2: distance_rate>=50 &corner!=0 &order_rate>=20 &order_rate<=50","条件1: 速度、加速度
条件2: 速度","条件1: 0.25、0.025
条件2: 0.25","条件1: 2.4
条件2: 2.4"
④,running_style==2 &phase>=2 &is_finalcorner==1 &corner!=0 &remain_distance>=600 &order_rate<=70 @running_style==3 &phase>=2 &is_finalcorner==1 &corner!=0 &remain_distance>=600 &order_rate<=70,加速度,0.4,0.9
自信的一步,running_style==2 &phase>=2 &is_finalcorner==1 &corner!=0 &remain_distance>=600 &order_rate<=70 @running_style==3 &phase>=2 &is_finalcorner==1 &corner!=0 &remain_distance>=600 &order_rate<=70,加速度,0.2,0.9
永不放,phase_corner_random==1,速度,0.25,4
砸阒心,phase_corner_random==1,速度,0.05,4
隆尚觥,track_id==10201,被动（耐力）,60,始终
隆尚觥,track_id==10201,被动（耐力）,40,始终
隆尚觥,track_id==10201,被动（耐力）,-40,始终
隆尚奇才,track_id==10201,被动（耐力）、被动（智力）、被动（速度）,60、60、60,始终
最高峰的粝,is_last_straight==1,速度,0.35,2.4
背意志,is_last_straight==1,速度,0.15,2.4
Road to Glory,distance_rate>=60 &phase==1 &order>=2 &order_rate<=40,速度,0.25,3
路r差胖鬼,ground_condition==2 @ground_condition==3 @ground_condition==4,被动（力量）、被动（速度）,60、60,始终
Vive la GOLD,"条件1: distance_type==3 &is_finalcorner==1 &is_overtake==1 &order_rate>=50 &is_badstart==1 @distance_type==4 &is_finalcorner==1 &is_overtake==1 &order_rate>=50 &is_badstart==1
条件2: distance_type==3 &is_finalcorner==1 &is_overtake==1 &order_rate>=50 @distance_type==4 &is_finalcorner==1 &is_overtake==1 &order_rate>=50","条件1: 速度
条件2: 速度","条件1: 0.25
条件2: 0.15","条件1: 3
条件2: 3"
石h芒,"条件1: phase_laterhalf_random==1 &order_rate>=40 &order_rate<=80 &distance_type==3
条件2: phase_laterhalf_random==1 &order_rate>=40 &order_rate<=80 &distance_type!=3","条件1: 速度
条件2: 速度","条件1: 0.15
条件2: 0.05","条件1: 3
条件2: 3"
月影A刃,running_style==4 &all_corner_random==1,速度,0.35,3
幸福的{光,"条件1: distance_type==1 &phase_firsthalf_random==2 &order_rate<=50 &order_rate>=20 @distance_type==2 &phase_firsthalf_random==2 &order_rate<=50 &order_rate>=20
条件2: distance_type==3 &phase_firsthalf_random==2 &order_rate<=50 &order_rate>=20 @distance_type==4 &phase_firsthalf_random==2 &order_rate<=50 &order_rate>=20","条件1: 即时速度
条件2: 即时速度","条件1: 0.15
条件2: 0.05","条件1: 3
条件2: 3"
...found you.,条件1前置: phase==1 &change_order_onetime>0 &order_rate>=50 &order_rate<=80,"条件1: 速度
条件2: 速度","条件1: 0.25
条件2: 0.15","条件1: 3
条件2: 3"
Immortal Work,distance_rate>=50 &distance_rate<=51 &order_rate>=40 &order_rate<=80,速度,0.15,3
十全十美,distance_type==2 &corner_random==3 &order_rate<=50 @distance_type==3 &corner_random==3 &order_rate<=50,即时速度,0.35,3
品行端正,distance_type==2 &corner_random==3 &order_rate<=50 @distance_type==3 &corner_random==3 &order_rate<=50,即时速度,0.15,3
就@雍垡黄鹑劢獍,remain_distance>=999 &remain_distance<=1001 &order_rate>=20 &order_rate<=50,速度,0.15,3
允匦拍,distance_type==1 &phase_laterhalf_random==1 &order_rate>=40,速度,0.35,2.4
Ｗ⑶斑M,distance_type==1 &phase_laterhalf_random==1 &order_rate>=40,速度,0.15,2.4
爽快,phase>=1 &slope==1 &order_rate>=40 &order_rate<=80,速度,0.15,3
歌舞N平，趣味M生,"条件1前置: distance_rate>=50 &order_rate<=50 &overtake_target_time>=2
条件2前置: distance_rate>=50 &order_rate<=50 &overtake_target_time>=2","条件1: 速度、即时速度
条件2: 速度","条件1: 0.15、0.035
条件2: 0.15","条件1: 3
条件2: 3"
Z出去吧！,running_style==2 &phase_random==1 &order_rate<=50,速度,0.25,4
~向倮,running_style==2 &phase_random==1 &order_rate<=50,速度,0.05,4
瞄誓,running_style==2 &distance_type==4 &phase_firstquarter_random==2 &order_rate<=50,加速度,0.2,1.2
中期`巧,phase_random==1,速度,0.15,1.8
初期`巧,phase_laterhalf_random==0,速度,0.15,1.8
Billions of stars,phase>=2 &is_last_straight==1 &order==1,速度,0.05,3
冷冽之L,season==4,被动（速度）、被动（力量）,60、60,始终
jingle all the way,distance_rate>=40 &corner==0 &order==1,速度,0.05,4.2
Illuminate you,"条件1: phase==1 &order_rate>=40 &order_rate<=80
条件2: is_activate_other_skill_detail==1 &base_stamina>=1200 &phase>=2","条件1: 耐力恢复、速度
条件2: 即时速度","条件1: 0.035、-0.15
条件2: 0.035","条件1: 1.2
条件2: 4.8"
Reversal Illusion,"条件1前置: change_order_up_middle>=1 &is_finalcorner==1 &corner!=0 &order_rate<=70 &order_rate>=40
条件2前置: is_finalcorner==1 &corner!=0 &order_rate<=70 &order_rate>=40","条件1: 速度
条件2: 速度","条件1: 0.25
条件2: 0.15","条件1: 3
条件2: 3"
Celeste Oath,"条件1: distance_rate>=45 &distance_rate<=55 &order_rate>=20 &order_rate<=50 &course_distance>=2400
条件2: distance_rate>=45 &distance_rate<=55 &order_rate>=20 &order_rate<=50","条件1: 速度、耐力恢复
条件2: 速度、耐力恢复","条件1: 0.15、0.005
条件2: 0.15、0.0035","条件1: 3
条件2: 3"
c睛,distance_type==4 &running_style==1 &phase_firsthalf_random==2 &lastspurt==2,即时速度,0.35,3
K幕,distance_type==4 &running_style==1 &phase_firsthalf_random==2 &lastspurt==2,即时速度,0.15,3
水滴石穿f里行,distance_type==4 &running_style==1 &is_lastspurt==1 &corner==0 &order<=3,加速度,0.4,0.9
o所迷惘,distance_type==4 &running_style==1 &is_lastspurt==1 &corner==0 &order<=3,加速度,0.2,0.9
成榇蠹业奈遥,"条件1: phase<=1 &change_order_onetime>0 &accumulatetime>=5 &order_rate<=50 @phase<=1 &blocked_side_continuetime>=2 &accumulatetime>=5 &order_rate<=50
条件2: is_activate_other_skill_detail==1 &order<=2 &distance_rate>=50 &distance_type==4","条件1: 速度
条件2: 速度","条件1: 0.15
条件2: 0.05","条件1: 1.8
条件2: 3.6"
Q．光普照,"条件1: phase>=2 &is_finalcorner==1 &order_rate>=40 &distance_type==3
条件2: phase>=2 &is_finalcorner==1 &order_rate>=40","条件1: 即时速度
条件2: 速度","条件1: 0.25
条件2: 0.25","条件1: 2.4
条件2: 2.4"
打call&回,"条件1: ground_type==2 &phase==1 &is_activate_any_skill==1
条件2: is_activate_other_skill_detail==1 &phase>=2 &is_activate_any_skill==1","条件1: 速度
条件2: 即时速度","条件1: 0.25
条件2: 0.25","条件1: 2.4
条件2: 2.4"
未雨I,"条件1: ground_type==2 &phase==1 &is_activate_any_skill==1
条件2: is_activate_other_skill_detail==1 &phase>=2 &is_activate_any_skill==1","条件1: 速度
条件2: 即时速度","条件1: 0.05
条件2: 0.05","条件1: 2.4
条件2: 2.4"
除去沙m,ground_type==2 &phase_random==1 &order_rate<=50,耐力恢复,0.015,瞬时
k☆泉,"条件1前置: phase>=2 &is_last_straight_onetime==1 &order_rate>=30 &order_rate<=70 &temptation_count==0
条件2前置: phase>=2 &is_last_straight_onetime==1 &order_rate>=30 &order_rate<=70","条件1: 速度
条件2: 速度","条件1: 0.25
条件2: 0.05","条件1: 3
条件2: 3"
紫A刃,distance_type==1 &all_corner_random==1,速度,0.35,3
一W打M,distance_type==4 &running_style==4 &phase_firsthalf_random==2 &lastspurt==2,即时速度,0.35,3
f而出,distance_type==4 &running_style==4 &phase_firsthalf_random==2 &lastspurt==2,即时速度,0.15,3
火箭起跑,distance_type==1 &phase==0,加速度,0.4,1.5
急速起步,distance_type==1 &phase==0,加速度,0.2,1.5
由衷的喵情款待,"条件1前置: distance_rate>=50 &order_rate_out40_continue==1
条件2前置: distance_rate>=50 &order_rate_out40_continue==1","条件1: 即时速度
条件2: 即时速度","条件1: 0.15
条件2: 0.05","条件1: 3
条件2: 3"
多多品看看H！,"条件1: distance_rate>=45 &distance_rate<=55 &order_rate>=20 &order_rate<=50 &is_overtake==1 &distance_type==2
条件2: distance_rate>=45 &distance_rate<=55 &order_rate>=20 &order_rate<=50 &is_overtake==1","条件1: 速度
条件2: 速度","条件1: 0.25
条件2: 0.15","条件1: 2.4
条件2: 2.4"
疾L暴nwxn刺！,order_rate>=45 &distance_rate>=50 &change_order_onetime<0,速度,0.25,2.4
洞察C先的Q,phase_laterhalf_random==0,速度,0.35,1.8
君R,distance_type==3 &running_style==4 &phase>=2 &is_finalcorner==1 &corner!=0 &order_rate>=40,加速度,0.4,0.9
全力以赴的步伐,distance_type==3 &running_style==4 &phase>=2 &is_finalcorner==1 &corner!=0 &order_rate>=40,加速度,0.2,0.9
沸v血潮,running_style==4 &is_last_straight==1 &order>=2 &distance_diff_top<=10,速度,0.25,2.4
不又心,running_style==4 &phase_laterhalf_random==0 &order_rate>=50,耐力恢复,0.015,瞬时
推力十足,running_style==4 &phase_laterhalf_random==1 &order_rate>=40,速度,0.15,2.4
瓦解,running_style==4 &order_rate>=50 &is_finalcorner_random==1,速度、妨害（速度）、妨害（速度）,0.15、-0.035、-0.035,1.8
毫o保留,running_style==4 &phase_random==1,速度、耐力恢复,0.25、-0.02,2.4
踏影而行,running_style==4 &distance_rate>=50 &is_overtake==1,速度,0.15,2.4
鬼獗迫,distance_type==3 &running_style==4 &phase_random==1 &order_rate>=50,速度、妨害（速度）,0.15、-0.035,1.8
爆岬拈W耀光x！,distance_type==2 &phase_random==1 @distance_type==3 &phase_random==1,速度,0.35,1.8
燃`魂,distance_type==2 &phase_random==1 @distance_type==3 &phase_random==1,速度,0.15,1.8
\T之魂,"条件1: distance_type==2 &distance_rate_after_random==50 &base_guts>=1200 @distance_type==3 &distance_rate_after_random==50 &base_guts>=1200
条件2: distance_type==2 &distance_rate_after_random==50 &base_guts<1200 @distance_type==3 &distance_rate_after_random==50 &base_guts<1200","条件1: 即时速度
条件2: 即时速度","条件1: 0.25
条件2: 0.15","条件1: 1.2
条件2: 1.2"
百成,is_lastspurt==1 &phase==3 &temptation_count==0,速度,0.05,3.6
_x，振赤翼直至九霄,"条件1: distance_rate>=50 &distance_rate<=51 &order_rate>=50
条件2: phase>=2 &is_activate_other_skill_detail==1 &is_finalcorner==1 &corner!=0 &is_overtake==1","条件1: 速度
条件2: 即时速度","条件1: 0.15
条件2: 0.035","条件1: 3
条件2: 1.8"
